Distrito/Barrio,Renta media por persona,Renta media por hogar,Distrito,Seccion
01001,23122,48783,01,001
01002,15211,29753,01,002
01003,17730,35395,01,003
01004,24522,51687,01,004
01006,22679,43546,01,006
01007,19361,38959,01,007
01008,18202,36547,01,008
01009,20673,38262,01,009
01011,17695,34630,01,011
01012,14481,30841,01,012
01013,13656,26371,01,013
01014,15487,31094,01,014
01015,17401,34221,01,015
01016,17786,35399,01,016
01018,17142,34222,01,018
01019,18963,35165,01,019
01020,15947,32170,01,020
01021,16502,34962,01,021
01022,16264,33002,01,022
01023,12289,24616,01,023
01024,14329,27178,01,024
01025,17915,37792,01,025
01026,21151,40701,01,026
01027,18508,37281,01,027
01028,13560,29019,01,028
01029,12806,28301,01,029
01030,11175,24403,01,030
01031,11300,23762,01,031
01032,14504,30616,01,032
01033,12587,24624,01,033
01034,9720,21866,01,034
01035,10767,23972,01,035
01036,12279,24104,01,036
01037,12057,25537,01,037
01038,11560,22999,01,038
01039,12502,24842,01,039
01040,12208,25751,01,040
01041,12242,26888,01,041
01042,11909,26439,01,042
01043,10611,23036,01,043
01045,14136,29409,01,045
01046,13776,28233,01,046
01047,11869,24985,01,047
01048,11147,24079,01,048
01049,11437,22489,01,049
01050,11594,24147,01,050
01051,12011,22516,01,051
01053,14392,27731,01,053
01054,12330,24577,01,054
01055,15246,30184,01,055
01056,15701,32337,01,056
01057,17889,35594,01,057
01058,17366,36496,01,058
01059,15729,30824,01,059
01061,19259,38122,01,061
01062,15773,29164,01,062
01063,17239,33666,01,063
01064,20743,38632,01,064
01065,23056,45695,01,065
01066,14713,28425,01,066
01067,19595,37584,01,067
01068,19951,42276,01,068
01069,16652,29752,01,069
01071,24634,48393,01,071
01072,23513,47058,01,072
01073,30210,63522,01,073
01074,18385,35872,01,074
01075,15241,29469,01,075
01076,16022,31334,01,076
01077,21615,42861,01,077
01079,21778,42018,01,079
01081,16188,31872,01,081
01082,18971,36669,01,082
01084,28149,55876,01,084
01087,28839,65532,01,087
01088,23864,49254,01,088
01089,20836,40872,01,089
01090,19857,39714,01,090
01091,16853,34866,01,091
01092,16114,30398,01,092
01093,15957,31200,01,093
01094,15873,30629,01,094
01095,15261,30169,01,095
01096,13117,26813,01,096
01097,15248,29395,01,097
01098,14535,27917,01,098
01099,15198,28545,01,099
01100,15546,27920,01,100
01101,15553,29990,01,101
01102,14843,28374,01,102
01103,22451,45126,01,103
01104,16302,30667,01,104
01105,19062,32455,01,105
01106,22453,46704,01,106
01107,24998,52940,01,107
01108,21706,45796,01,108
01109,15872,32638,01,109
01110,15376,30638,01,110
01111,16902,33843,01,111
01112,17917,34918,01,112
01113,13854,30364,01,113
01114,15051,30228,01,114
01115,15627,32257,01,115
01116,14874,28797,01,116
01117,16652,33369,01,117
01118,14636,27801,01,118
01119,13480,26161,01,119
01120,17032,32552,01,120
01121,16998,33159,01,121
01123,19377,38472,01,123
01124,18946,39036,01,124
02001,18302,35876,02,001
02002,15768,31976,02,002
02003,18440,45332,02,003
02004,17353,45736,02,004
02005,16058,35981,02,005
02006,18025,44093,02,006
02007,17182,46718,02,007
02008,16792,36545,02,008
02009,22606,54188,02,009
02010,17005,40523,02,010
02011,18181,48135,02,011
02013,18991,41881,02,013
02014,17823,38934,02,014
02015,15861,40437,02,015
02016,21005,51071,02,016
02017,19230,50064,02,017
02018,21488,54614,02,018
02019,23580,57790,02,019
02020,19173,44495,02,020
02021,15254,33096,02,021
02022,14524,30392,02,022
02023,15843,34721,02,023
02024,16600,35217,02,024
02025,14067,33872,02,025
02026,17202,36045,02,026
02027,18425,41401,02,027
02028,12389,23361,02,028
02029,13029,26719,02,029
02030,16696,38815,02,030
02031,19688,49086,02,031
02032,18686,43669,02,032
02033,16351,37021,02,033
02034,15703,38400,02,034
02035,14813,34754,02,035
02036,15020,35095,02,036
02037,17199,40373,02,037
02038,14690,33347,02,038
02039,16458,36073,02,039
02040,14883,33674,02,040
02041,14343,30711,02,041
02042,14577,34698,02,042
02043,13104,30866,02,043
02044,12774,33442,02,044
02045,12650,32768,02,045
02046,10617,24024,02,046
02047,10723,25438,02,047
02048,13151,32101,02,048
02049,18461,52275,02,049
02050,13067,30676,02,050
02051,18240,44462,02,051
02052,18478,50304,02,052
02053,18802,44726,02,053
02054,14597,33814,02,054
02055,16284,38186,02,055
02056,15193,34886,02,056
02057,13473,33411,02,057
02058,13180,29044,02,058
02059,15024,34939,02,059
02060,15653,36430,02,060
02061,16171,34071,02,061
02062,14580,32527,02,062
02063,15156,30727,02,063
02064,15989,35284,02,064
02065,15767,33200,02,065
02066,18973,44696,02,066
02067,12143,26367,02,067
02068,12363,27630,02,068
02069,16336,37371,02,069
02070,16758,36783,02,070
02071,17695,38717,02,071
02072,17144,36253,02,072
02073,17983,39458,02,073
02074,15820,34901,02,074
02075,14978,34884,02,075
02077,15395,32702,02,077
02078,16460,33523,02,078
02079,17079,37088,02,079
02080,20587,47677,02,080
02081,16492,35548,02,081
02082,13473,29300,02,082
02083,14061,38971,02,083
02085,20945,56311,02,085
02086,18778,44551,02,086
02087,23129,59210,02,087
02088,15156,33539,02,088
02089,19443,47305,02,089
02090,17411,47047,02,090
02091,18618,45078,02,091
02092,19457,44507,02,092
02093,17174,46879,02,093
02094,24044,69195,02,094
02095,22277,53285,02,095
02096,24923,71085,02,096
02097,20598,54670,02,097
02098,20547,49792,02,098
02099,18345,49242,02,099
02100,18971,47774,02,100
02101,22880,58659,02,101
02102,19140,56505,02,102
02103,22838,57686,02,103
02104,21377,50193,02,104
02105,20839,53944,02,105
02106,20330,52999,02,106
02107,21617,55028,02,107
02108,24073,57543,02,108
02109,20952,49245,02,109
02110,23785,59633,02,110
02111,20281,48790,02,111
02112,20869,55002,02,112
03001,27365,69177,03,001
03002,16491,36866,03,002
03003,19546,45086,03,003
03004,15637,34750,03,004
03005,15485,33480,03,005
03006,20760,47647,03,006
03007,14818,29904,03,007
03008,17831,37108,03,008
03009,20204,44467,03,009
03010,19405,43473,03,010
03011,17105,39271,03,011
03012,20124,46754,03,012
03013,17928,40227,03,013
03014,18132,43185,03,014
03015,15867,36866,03,015
03016,12873,28104,03,016
03017,17820,41206,03,017
03018,16105,34313,03,018
03019,21038,49988,03,019
03020,16736,35209,03,020
03021,16222,36999,03,021
03022,13692,29339,03,022
03023,17421,38845,03,023
03024,16708,39290,03,024
03025,18885,42792,03,025
03026,17646,39733,03,026
03027,15492,35398,03,027
03028,19252,47360,03,028
03029,14410,37547,03,029
03030,23751,65399,03,030
03031,19181,47061,03,031
03032,20304,47110,03,032
03033,17903,46279,03,033
03034,20485,55661,03,034
03035,21826,56097,03,035
03036,22192,65258,03,036
03037,24268,73493,03,037
03038,25270,75670,03,038
03039,24100,71231,03,039
03040,23853,70936,03,040
03041,22691,57929,03,041
03042,19928,48355,03,042
03044,23197,57631,03,044
03045,24060,62256,03,045
03046,22049,60170,03,046
03047,19287,46911,03,047
03048,20911,52329,03,048
03049,19736,49450,03,049
03050,21462,45117,03,050
03051,20613,50592,03,051
03052,22025,54486,03,052
03053,16099,39081,03,053
03054,22282,53348,03,054
03055,15739,30915,03,055
03056,20972,53161,03,056
03057,21055,50495,03,057
03058,19105,40795,03,058
03059,21513,50198,03,059
03060,21172,43571,03,060
03061,17222,35013,03,061
03063,20587,47913,03,063
03064,23485,58252,03,064
03065,21676,51463,03,065
03066,20966,49658,03,066
03067,26079,63679,03,067
03069,30210,89215,03,069
03070,30210,89215,03,070
03071,30210,89215,03,071
03073,21500,53178,03,073
03074,21404,52415,03,074
03076,24210,62262,03,076
03077,26007,67839,03,077
03078,25292,69969,03,078
03079,19290,44346,03,079
03080,24272,71360,03,080
03081,30210,89215,03,081
03082,30210,89215,03,082
03084,24884,70298,03,084
03085,27409,71660,03,085
03086,19890,49029,03,086
03087,23219,63685,03,087
03088,20234,47188,03,088
03089,21184,58446,03,089
03090,25453,74380,03,090
03091,25552,74897,03,091
03092,25695,68836,03,092
03093,26172,73643,03,093
03094,23202,69431,03,094
03095,22082,55787,03,095
03096,22451,57739,03,096
03097,16809,46948,03,097
03098,17169,39588,03,098
03099,19115,41143,03,099
03100,21760,54399,03,100
04001,30210,78479,04,001
04002,30210,89215,04,002
04003,30210,82829,04,003
04004,30210,89215,04,004
04005,30210,89215,04,005
04006,30210,89215,04,006
04007,30210,83220,04,007
04008,25282,54531,04,008
04009,30210,87890,04,009
04010,30210,89215,04,010
04011,30210,77108,04,011
04012,30210,89215,04,012
04013,30210,78107,04,013
04014,24692,59617,04,014
04015,27067,63996,04,015
04016,25486,58259,04,016
04017,26591,63074,04,017
04018,24480,54160,04,018
04019,24617,55766,04,019
04020,26134,54537,04,020
04021,21860,50082,04,021
04023,24191,50743,04,023
04024,18166,38775,04,024
04025,22023,45040,04,025
04026,20990,48997,04,026
04027,18080,42347,04,027
04028,20913,45840,04,028
04029,25953,59992,04,029
04030,23640,54311,04,030
04031,25369,62486,04,031
04032,17819,38807,04,032
04033,20350,45221,04,033
04034,20655,48971,04,034
04035,20593,45389,04,035
04036,22605,54636,04,036
04037,20260,45328,04,037
04038,18992,41986,04,038
04039,22652,49068,04,039
04040,24848,61999,04,040
04041,18616,42853,04,041
04042,30167,78549,04,042
04043,21195,54999,04,043
04044,21723,54307,04,044
04045,19284,40087,04,045
04046,20317,46881,04,046
04047,19307,45967,04,047
04048,17378,40492,04,048
04049,16423,34796,04,049
04050,16681,38361,04,050
04051,16455,36416,04,051
04052,17865,39553,04,052
04053,16579,34897,04,053
04054,19581,46602,04,054
04055,19131,41230,04,055
04056,22036,50646,04,056
04057,17679,39429,04,057
04058,19265,43228,04,058
04060,16738,37561,04,060
04061,22372,55889,04,061
04062,19190,44383,04,062
04063,17186,42112,04,063
04064,22363,49299,04,064
04065,19821,45121,04,065
04067,19679,42286,04,067
04068,20601,47446,04,068
04069,19318,44978,04,069
04070,17304,40113,04,070
04071,17795,44952,04,071
04072,20098,48587,04,072
04073,22970,56492,04,073
04074,19508,48062,04,074
04075,22634,61949,04,075
04076,23627,71578,04,076
04077,24732,70916,04,077
04078,25024,72231,04,078
04079,22340,65332,04,079
04080,26500,79813,04,080
04081,25682,74963,04,081
04082,22321,59101,04,082
04083,18705,49363,04,083
04084,19351,49054,04,084
04085,18167,40736,04,085
04086,19291,40417,04,086
04087,19825,42217,04,087
04088,20495,42660,04,088
04089,16970,36849,04,089
04090,18431,39204,04,090
04091,16188,31295,04,091
04092,19526,39312,04,092
04093,16327,35369,04,093
04094,23206,54135,04,094
04095,19092,38361,04,095
04096,21672,55531,04,096
04097,27946,68939,04,097
04098,26518,66690,04,098
04099,19988,46234,04,099
04100,21862,53561,04,100
04101,19087,38742,04,101
04102,18340,38344,04,102
04103,20222,42282,04,103
04104,19084,42452,04,104
04105,22045,50119,04,105
04106,22215,47173,04,106
04107,26021,62360,04,107
04108,19551,42629,04,108
04109,18934,45971,04,109
04110,20878,48716,04,110
04111,24687,63998,04,111
04112,25031,56014,04,112
04113,30210,72009,04,113
04114,30210,89215,04,114
04115,30210,89215,04,115
04116,30210,82663,04,116
04117,30210,89215,04,117
04118,30210,89215,04,118
04119,30210,89215,04,119
04120,30210,89215,04,120
04121,27966,72876,04,121
04123,26854,61649,04,123
04124,24069,47595,04,124
04126,28064,71186,04,126
04127,13634,31884,04,127
04128,20892,48164,04,128
04129,28969,62302,04,129
04130,30210,84792,04,130
04131,20852,49561,04,131
05001,30210,89215,05,001
05002,30210,89215,05,002
05003,30210,89215,05,003
05004,30210,89215,05,004
05005,30210,89215,05,005
05006,30210,89215,05,006
05007,29546,87233,05,007
05008,30210,89215,05,008
05009,30210,89215,05,009
05010,29240,67275,05,010
05011,21619,48257,05,011
05012,22023,50563,05,012
05013,26578,64137,05,013
05014,18570,43062,05,014
05015,20990,42105,05,015
05016,17098,34965,05,016
05017,17111,36411,05,017
05018,16233,34719,05,018
05019,16570,37478,05,019
05020,17950,42492,05,020
05021,14778,35225,05,021
05022,16374,40240,05,022
05023,20383,49455,05,023
05024,18447,43532,05,024
05025,18962,45450,05,025
05026,19641,43516,05,026
05027,17590,39589,05,027
05028,16078,36350,05,028
05029,14951,33812,05,029
05030,15099,33699,05,030
05031,18954,46558,05,031
05032,17745,38957,05,032
05033,21822,52252,05,033
05034,21584,47219,05,034
05035,20640,49585,05,035
05036,23750,55680,05,036
05037,26736,67729,05,037
05038,26120,78887,05,038
05039,24066,55147,05,039
05040,15633,36005,05,040
05041,13395,32430,05,041
05042,17578,39775,05,042
05043,23475,52967,05,043
05044,17255,35091,05,044
05045,16163,37534,05,045
05046,15976,37157,05,046
05047,16093,37384,05,047
05048,18620,45510,05,048
05049,23325,59726,05,049
05051,22527,55515,05,051
05052,27877,72513,05,052
05053,29351,89215,05,053
05054,28070,73086,05,054
05055,22047,56799,05,055
05056,19389,45428,05,056
05057,19180,44035,05,057
05058,20502,48275,05,058
05059,17615,39481,05,059
05060,20121,46620,05,060
05061,27496,73380,05,061
05062,30210,83585,05,062
05063,25484,81335,05,063
05064,30210,80833,05,064
05065,22838,46961,05,065
05066,30210,84385,05,066
05067,29119,79322,05,067
05068,30210,89215,05,068
05069,30210,85482,05,069
05070,30210,72078,05,070
05072,28114,66234,05,072
05073,30210,89215,05,073
05074,30210,89215,05,074
05075,30210,89215,05,075
05076,30210,89215,05,076
05077,30210,89215,05,077
05078,30210,89215,05,078
05079,22756,52359,05,079
05080,18366,43543,05,080
05081,24879,67899,05,081
05082,30210,89215,05,082
05083,21496,57353,05,083
05084,25189,68671,05,084
05085,30210,85513,05,085
05086,20741,42449,05,086
05087,21980,52675,05,087
05088,22013,56687,05,088
05089,25095,65047,05,089
05090,18290,41921,05,090
05091,22530,55579,05,091
05092,14189,29004,05,092
05094,21545,49937,05,094
05095,26975,70338,05,095
05096,20180,44266,05,096
05097,27216,62493,05,097
05098,17464,38817,05,098
05099,22207,57707,05,099
05100,27229,87953,05,100
05101,21214,61035,05,101
05102,30210,75363,05,102
05103,21503,63580,05,103
05104,23946,71618,05,104
06001,14904,36804,06,001
06002,13225,30719,06,002
06003,14321,31332,06,003
06004,11363,28385,06,004
06005,10926,29493,06,005
06006,11088,29235,06,006
06007,13152,31002,06,007
06008,12427,29426,06,008
06009,14629,35941,06,009
06010,18104,44089,06,010
06011,12251,31101,06,011
06012,12049,30730,06,012
06013,11531,28439,06,013
06014,13442,32898,06,014
06015,10413,27170,06,015
06016,11335,28808,06,016
06017,10965,25669,06,017
06018,12415,30533,06,018
06019,9464,25001,06,019
06021,11009,27480,06,021
06023,16930,43918,06,023
06024,18271,37242,06,024
06025,12645,29925,06,025
06026,17292,37435,06,026
06027,22456,48004,06,027
06028,29545,78921,06,028
06029,26511,48986,06,029
06031,22991,56471,06,031
06032,15188,32244,06,032
06033,14315,33590,06,033
06034,14370,32075,06,034
06035,12190,30533,06,035
06036,13781,31438,06,036
06037,13579,29609,06,037
06038,25137,61300,06,038
06039,22854,63782,06,039
06040,26474,71370,06,040
06041,19216,41877,06,041
06042,14885,34055,06,042
06043,15853,33507,06,043
06044,20569,54247,06,044
06045,21331,54224,06,045
06046,26660,57973,06,046
06048,24163,58127,06,048
06049,18928,45027,06,049
06050,20620,50678,06,050
06051,19996,49836,06,051
06052,17366,40547,06,052
06053,15709,40644,06,053
06054,16187,37546,06,054
06056,12428,31028,06,056
06057,16712,37152,06,057
06058,19113,38353,06,058
06059,24628,51215,06,059
06060,17517,38253,06,060
06061,19041,42121,06,061
06062,30210,67695,06,062
06063,28725,76491,06,063
06064,30210,89215,06,064
06065,30210,79951,06,065
06066,20836,42714,06,066
06067,15828,36292,06,067
06068,13873,30007,06,068
06069,15266,32411,06,069
06070,22892,40325,06,070
06071,29303,64738,06,071
06072,17819,36580,06,072
06073,10411,24642,06,073
06074,10440,22884,06,074
06075,12557,30395,06,075
06076,17594,34956,06,076
06077,16878,38322,06,077
06078,15091,36449,06,078
06079,23347,56491,06,079
06080,13263,31974,06,080
06081,9868,26789,06,081
06084,9191,24738,06,084
06085,10294,26687,06,085
06089,10974,27017,06,089
06090,11290,28894,06,090
06091,11757,28569,06,091
06092,13681,33714,06,092
06093,10584,28159,06,093
06094,12469,29349,06,094
06095,11031,29750,06,095
06096,10875,26659,06,096
06097,10943,28080,06,097
06098,10991,26933,06,098
06099,9651,23745,06,099
06101,12352,30183,06,101
06102,11779,29327,06,102
06103,12064,30566,06,103
06104,11077,27218,06,104
06105,12631,29420,06,105
06106,12166,29853,06,106
06107,14297,31825,06,107
06108,11566,29598,06,108
06109,11498,29497,06,109
06110,11950,27657,06,110
06111,13925,33433,06,111
06112,10867,27628,06,112
06113,13071,30849,06,113
06114,12731,29570,06,114
06115,11180,26086,06,115
06116,13011,31250,06,116
06117,13876,33249,06,117
06118,12791,31575,06,118
06119,12344,30684,06,119
06120,10975,28358,06,120
06121,12522,30568,06,121
06122,13240,32272,06,122
06123,11228,27362,06,123
06124,11700,29335,06,124
06125,21355,47731,06,125
06126,12782,28668,06,126
06127,11329,31233,06,127
06128,11739,27332,06,128
06129,12393,28273,06,129
07001,20947,43322,07,001
07002,20952,51717,07,002
07003,17133,35955,07,003
07004,19647,39429,07,004
07005,18195,38252,07,005
07006,21400,45805,07,006
07007,21600,50001,07,007
07008,23576,54577,07,008
07009,17720,39382,07,009
07010,19027,43955,07,010
07011,17507,34046,07,011
07012,18356,38171,07,012
07013,21674,50532,07,013
07014,17432,38908,07,014
07016,17013,36169,07,016
07017,20004,47282,07,017
07018,21104,48041,07,018
07019,22986,49766,07,019
07021,25566,59064,07,021
07023,23613,60782,07,023
07024,19589,42485,07,024
07025,18586,45678,07,025
07026,18521,41123,07,026
07028,19843,45818,07,028
07030,17132,38852,07,030
07031,17234,37155,07,031
07032,17085,35609,07,032
07034,16348,35131,07,034
07035,16967,34980,07,035
07036,18984,39767,07,036
07038,18230,38197,07,038
07039,19734,48477,07,039
07040,18333,33428,07,040
07041,19084,38556,07,041
07042,28749,82874,07,042
07043,25729,56379,07,043
07044,26500,71852,07,044
07045,17504,36606,07,045
07046,19497,40811,07,046
07047,21264,46137,07,047
07048,24224,50671,07,048
07049,27909,61819,07,049
07050,20477,44493,07,050
07051,24658,49857,07,051
07052,21161,44775,07,052
07053,18061,36509,07,053
07055,19559,43928,07,055
07056,20092,43280,07,056
07057,22484,47797,07,057
07058,19209,36549,07,058
07059,19938,42159,07,059
07060,20764,41763,07,060
07061,20168,39365,07,061
07062,17159,36947,07,062
07063,22487,49295,07,063
07064,21113,50497,07,064
07065,16813,36516,07,065
07066,18989,38607,07,066
07067,21403,46320,07,067
07068,23025,49799,07,068
07069,19069,37616,07,069
07070,19806,41876,07,070
07071,20920,49770,07,071
07072,22677,53160,07,072
07073,23932,49387,07,073
07075,26021,65152,07,075
07076,30210,84836,07,076
07078,30210,70644,07,078
07079,26988,59458,07,079
07080,30210,89215,07,080
07081,30210,89215,07,081
07082,26083,59335,07,082
07083,30210,89215,07,083
07084,30210,89215,07,084
07085,26504,65300,07,085
07086,27554,76589,07,086
07087,30210,77237,07,087
07088,21311,50397,07,088
07089,19225,44210,07,089
07090,17482,40028,07,090
07091,18712,37870,07,091
07092,30210,89215,07,092
07093,30210,89215,07,093
07094,27285,69214,07,094
07095,30210,89215,07,095
07096,25131,60108,07,096
07097,19128,40927,07,097
07098,23791,56129,07,098
07099,19816,42220,07,099
07100,22094,47870,07,100
07101,18288,35975,07,101
07102,19334,38984,07,102
07103,18137,39071,07,103
07105,23895,52842,07,105
07106,20057,46579,07,106
07107,26207,56900,07,107
07108,19782,45691,07,108
07109,20788,46845,07,109
07110,17882,34716,07,110
07111,22596,49972,07,111
07113,19840,43920,07,113
07114,25962,60521,07,114
07115,28544,65835,07,115
07116,20219,55081,07,116
07117,14918,33874,07,117
07118,19738,38116,07,118
07119,20218,41791,07,119
07120,23391,56508,07,120
07121,27489,68901,07,121
07122,21873,47496,07,122
07123,24247,52633,07,123
07124,23733,62063,07,124
07125,25589,68979,07,125
07126,22042,61569,07,126
07127,20818,48897,07,127
07128,30210,82666,07,128
07129,27039,60837,07,129
07130,30210,80364,07,130
07131,30210,81442,07,131
07132,30210,84776,07,132
07133,27084,67921,07,133
07134,18348,51599,07,134
07135,21593,55698,07,135
08001,14530,35118,08,001
08002,19432,48293,08,002
08003,14288,33280,08,003
08004,14220,34804,08,004
08005,30210,89215,08,005
08006,29122,87710,08,006
08007,27255,77716,08,007
08008,22373,65919,08,008
08009,17970,47466,08,009
08010,16650,48912,08,010
08011,12839,33105,08,011
08012,22682,71675,08,012
08013,27275,83846,08,013
08014,18765,47805,08,014
08015,16500,41511,08,015
08016,10053,24780,08,016
08017,15772,41026,08,017
08018,10005,24102,08,018
08019,10880,26207,08,019
08020,14005,31688,08,020
08021,12659,31539,08,021
08022,13392,34521,08,022
08023,13879,34511,08,023
08024,17882,45575,08,024
08025,13409,29686,08,025
08026,13695,32184,08,026
08027,14954,35025,08,027
08028,14281,34711,08,028
08029,16788,43765,08,029
08030,17326,46759,08,030
08031,22806,59922,08,031
08032,14515,35341,08,032
08033,23494,70802,08,033
08034,23196,67510,08,034
08035,27207,82943,08,035
08036,19992,52279,08,036
08037,20499,55154,08,037
08038,19869,48972,08,038
08039,20535,55943,08,039
08040,21484,57774,08,040
08041,15761,39158,08,041
08042,15788,39526,08,042
08043,23599,66593,08,043
08044,20228,56582,08,044
08045,15207,34505,08,045
08046,13011,29114,08,046
08047,12863,27715,08,047
08048,13095,27532,08,048
08049,23712,65309,08,049
08050,15105,42087,08,050
08051,18397,48825,08,051
08052,17136,45486,08,052
08053,10594,24698,08,053
08054,17844,46212,08,054
08055,18570,49497,08,055
08056,21121,48898,08,056
08057,19997,46935,08,057
08058,18857,45188,08,058
08059,20262,46961,08,059
08060,20460,52480,08,060
08061,12842,31293,08,061
08062,12070,27070,08,062
08063,10993,24840,08,063
08064,10430,24460,08,064
08065,9924,22717,08,065
08066,10984,27095,08,066
08067,11198,25784,08,067
08068,11013,24698,08,068
08069,10561,25933,08,069
08071,11603,26175,08,071
08072,12710,27078,08,072
08073,12440,27001,08,073
08074,11344,26543,08,074
08075,12833,26550,08,075
08076,11803,27356,08,076
08077,11461,28313,08,077
08078,12800,32077,08,078
08079,13231,32039,08,079
08080,12990,26573,08,080
08081,13136,30627,08,081
08082,11780,27890,08,082
08083,11138,25904,08,083
08084,10725,26301,08,084
08085,11460,28102,08,085
08086,12286,28945,08,086
08087,10940,27640,08,087
08088,11176,27036,08,088
08089,12677,28420,08,089
08090,21454,51368,08,090
08091,13358,31749,08,091
08092,13745,32563,08,092
08093,15579,40117,08,093
08094,16585,41921,08,094
08095,23256,59477,08,095
08096,22266,59271,08,096
08097,23360,62988,08,097
08098,23225,65643,08,098
08099,23545,65332,08,099
08100,27846,82313,08,100
08102,24118,69859,08,102
08103,28868,75834,08,103
08104,11113,26324,08,104
08105,10296,24415,08,105
08106,10036,24117,08,106
08107,10145,25128,08,107
08108,11243,25429,08,108
08109,11401,28345,08,109
08110,15033,35032,08,110
08111,17092,43704,08,111
08112,8671,21778,08,112
08113,13196,32845,08,113
08114,9326,23804,08,114
08115,8869,23392,08,115
08116,10302,25641,08,116
08117,10668,27988,08,117
08119,11321,28741,08,119
08120,10900,28757,08,120
08121,9614,25182,08,121
08122,9309,24520,08,122
08123,11447,30927,08,123
08124,10982,28604,08,124
08125,16082,42020,08,125
08126,12806,31133,08,126
08128,17819,56725,08,128
08129,9491,29562,08,129
08130,13141,33985,08,130
08131,18833,65784,08,131
08132,30210,89215,08,132
08133,18950,54508,08,133
08134,30210,89215,08,134
08135,24837,81608,08,135
08136,17285,44982,08,136
08137,30210,89215,08,137
08138,30210,89215,08,138
08139,18002,48417,08,139
08140,17004,45679,08,140
08141,20221,58404,08,141
08142,16940,48760,08,142
08143,27212,77018,08,143
08144,22881,66032,08,144
08145,22961,63803,08,145
08146,25198,74544,08,146
08147,25698,86006,08,147
08148,20054,51211,08,148
08149,15772,41086,08,149
08150,29097,83496,08,150
08151,18433,50523,08,151
08152,30210,89215,08,152
08153,17435,49134,08,153
08154,24806,73991,08,154
08155,18250,51795,08,155
08156,19764,56290,08,156
08157,18916,38213,08,157
08158,28520,89215,08,158
08159,25441,76628,08,159
08160,20400,64257,08,160
08161,23546,63813,08,161
08162,20602,57067,08,162
08163,23318,65623,08,163
08164,19393,58220,08,164
08165,21720,68964,08,165
08166,15468,42727,08,166
08167,22607,75131,08,167
08168,13828,40226,08,168
08169,19250,55166,08,169
08170,18453,55921,08,170
08171,17947,55199,08,171
08172,17486,47780,08,172
08173,20246,62264,08,173
08174,18085,51014,08,174
08175,30210,89215,08,175
08176,21684,73423,08,176
08177,16374,44179,08,177
08178,20822,60590,08,178
08179,16592,46784,08,179
08180,17478,47937,08,180
08181,26584,89215,08,181
08182,26340,81221,08,182
08183,21488,66034,08,183
08184,20371,63846,08,184
08185,17502,52065,08,185
08186,17217,50375,08,186
08187,20656,60368,08,187
08188,16382,46547,08,188
09001,16813,34544,09,001
09002,17527,37486,09,002
09004,15887,36900,09,004
09005,14248,31741,09,005
09006,16317,36652,09,006
09007,16941,42330,09,007
09008,22537,56100,09,008
09009,16826,35633,09,009
09010,24228,54710,09,010
09011,20306,42750,09,011
09012,17018,37185,09,012
09013,16783,35583,09,013
09014,24542,47079,09,014
09015,22872,53392,09,015
09016,19115,39775,09,016
09017,21447,48095,09,017
09018,30210,89215,09,018
09019,26341,62286,09,019
09020,30210,73486,09,020
09021,26788,66902,09,021
09022,23485,53304,09,022
09023,18828,44117,09,023
09024,29260,69505,09,024
09025,30210,77499,09,025
09026,16160,38699,09,026
09028,21347,49458,09,028
09029,20650,52892,09,029
09030,30210,89215,09,030
09031,19531,46875,09,031
09033,23447,61971,09,033
09034,21449,52898,09,034
09035,24035,58144,09,035
09036,17863,40046,09,036
09037,23945,56649,09,037
09038,22194,54102,09,038
09039,19168,43089,09,039
09040,17700,38876,09,040
09041,30210,89215,09,041
09043,30210,89215,09,043
09044,21914,62189,09,044
09045,25414,76611,09,045
09046,22699,57267,09,046
09047,17059,44129,09,047
09049,15009,35532,09,049
09050,14095,33689,09,050
09051,16610,40426,09,051
09052,15308,37667,09,052
09053,20063,48937,09,053
09054,11538,26774,09,054
09055,16745,43287,09,055
09056,18701,48149,09,056
09057,12275,28025,09,057
09058,11224,26802,09,058
09060,11494,26492,09,060
09061,10089,25661,09,061
09063,14759,37048,09,063
09064,10519,26749,09,064
09065,9886,23371,09,065
09066,11360,27618,09,066
09067,10173,24022,09,067
09068,12211,26082,09,068
09069,13292,34515,09,069
09070,14714,31262,09,070
09071,30210,89215,09,071
09072,30210,89215,09,072
09073,30210,89215,09,073
09074,14558,37705,09,074
09075,27687,86397,09,075
09076,10261,26622,09,076
09077,16501,42000,09,077
09078,30210,89215,09,078
09079,22759,62344,09,079
09080,22767,68340,09,080
09081,22249,55921,09,081
09082,15625,37941,09,082
09083,23963,70757,09,083
09084,19124,40604,09,084
09085,23852,80738,09,085
09086,30210,89215,09,086
09087,30210,89215,09,087
09088,22427,60343,09,088
09089,30210,89215,09,089
09090,16962,43508,09,090
09091,29444,86087,09,091
09092,19442,64255,09,092
10001,10332,27785,10,001
10002,6189,20624,10,002
10003,5878,18256,10,003
10004,9182,23451,10,004
10005,9359,24682,10,005
10006,13220,34462,10,006
10007,9576,25383,10,007
10008,9419,25265,10,008
10009,10009,25750,10,009
10010,11238,30294,10,010
10011,14829,34211,10,011
10012,13672,30778,10,012
10013,16343,38426,10,013
10014,19441,50621,10,014
10015,10483,24087,10,015
10016,15220,33666,10,016
10017,22703,58020,10,017
10018,11935,28739,10,018
10020,9636,22197,10,020
10021,11598,25858,10,021
10022,10808,25791,10,022
10023,12099,26274,10,023
10024,11089,27334,10,024
10025,11373,27844,10,025
10026,13973,30486,10,026
10027,12589,26486,10,027
10028,10449,25627,10,028
10029,10968,26739,10,029
10030,10356,25554,10,030
10031,10181,24823,10,031
10032,10527,24755,10,032
10033,11099,25415,10,033
10034,9918,25614,10,034
10035,11245,27580,10,035
10036,13852,31220,10,036
10037,10890,26344,10,037
10038,12498,32660,10,038
10039,9998,25694,10,039
10040,8917,20703,10,040
10041,9842,24873,10,041
10042,11513,27895,10,042
10043,11509,28732,10,043
10044,14802,34227,10,044
10046,10539,25506,10,046
10047,7929,21978,10,047
10048,8416,22289,10,048
10049,8811,23768,10,049
10050,9455,25164,10,050
10051,10097,27185,10,051
10052,9977,26695,10,052
10053,10415,27508,10,053
10054,16192,37900,10,054
10055,14247,36470,10,055
10056,9223,24883,10,056
10057,10015,24895,10,057
10058,9251,23435,10,058
10059,9083,23842,10,059
10060,13475,36548,10,060
10061,8582,22609,10,061
10062,8040,21994,10,062
10063,8565,23159,10,063
10065,9807,24766,10,065
10067,13658,31224,10,067
10068,12655,30045,10,068
10069,11106,28163,10,069
10070,11328,27966,10,070
10072,15203,35461,10,072
10073,10627,26741,10,073
10074,15364,32828,10,074
10075,12208,28983,10,075
10076,13701,32867,10,076
10077,10919,25886,10,077
10078,13840,31781,10,078
10081,15883,39370,10,081
10082,10910,26067,10,082
10083,9384,25012,10,083
10084,8548,22880,10,084
10086,9283,23569,10,086
10087,19022,48355,10,087
10088,11563,29161,10,088
10089,11908,27714,10,089
10090,15191,38994,10,090
10091,17414,43215,10,091
10092,11785,32537,10,092
10093,11809,27886,10,093
10094,9132,22222,10,094
10095,10175,26185,10,095
10096,9636,23078,10,096
10098,11885,29302,10,098
10099,12816,30896,10,099
10100,12736,30719,10,100
10101,13270,33284,10,101
10102,13510,34189,10,102
10103,10388,24035,10,103
10106,16593,41753,10,106
10107,16254,41117,10,107
10108,14575,36741,10,108
10109,14190,35178,10,109
10110,10207,25698,10,110
10111,9096,22140,10,111
10112,9318,23069,10,112
10113,10016,23293,10,113
10114,9598,24272,10,114
10115,9281,22495,10,115
10116,13681,35078,10,116
10117,16810,44864,10,117
10118,14332,35448,10,118
10119,17472,47560,10,119
10120,12802,31791,10,120
10121,10707,24671,10,121
10122,14668,36973,10,122
10123,14773,36954,10,123
10124,10188,27654,10,124
10125,12562,31363,10,125
10126,10907,28736,10,126
10127,11221,26029,10,127
10128,13046,31921,10,128
10129,16273,37867,10,129
10130,14372,34553,10,130
10131,13673,33999,10,131
10132,14879,35593,10,132
10133,15580,38184,10,133
10134,13385,30874,10,134
10135,13262,29378,10,135
10136,12222,29317,10,136
10137,9931,24371,10,137
10138,16361,40407,10,138
10139,10296,27629,10,139
10140,12846,31471,10,140
10142,10636,27179,10,142
10143,12972,33035,10,143
10144,8976,22527,10,144
10145,10907,27686,10,145
10146,10919,26962,10,146
10147,9476,24937,10,147
10148,8325,22368,10,148
10149,9244,25556,10,149
10150,9372,25422,10,150
10151,11193,29750,10,151
10152,15709,39522,10,152
10153,15326,36042,10,153
10154,11825,28869,10,154
10156,17785,46324,10,156
10157,18358,45336,10,157
10158,17205,48151,10,158
10159,16432,47438,10,159
10161,11623,27812,10,161
10162,10394,23605,10,162
10163,10844,26839,10,163
10164,9607,22939,10,164
10165,13030,35786,10,165
10167,14369,38255,10,167
10168,10494,26498,10,168
10169,10907,25924,10,169
10170,12482,31689,10,170
10171,12400,30087,10,171
10172,11863,30084,10,172
10173,13597,33713,10,173
10174,12079,30698,10,174
10175,12012,30250,10,175
10176,12170,29860,10,176
10178,13804,33737,10,178
10179,10892,24153,10,179
10180,11940,30325,10,180
10181,11192,25943,10,181
10182,9975,22511,10,182
10183,12013,29216,10,183
10184,12554,29807,10,184
10185,11168,29755,10,185
10187,11047,28574,10,187
10188,10987,28018,10,188
10189,11699,28313,10,189
10190,11532,27128,10,190
10191,11463,28747,10,191
10192,13903,33612,10,192
10193,11181,26444,10,193
10194,13523,33211,10,194
10197,13713,37167,10,197
10198,12537,31169,10,198
10199,12994,30530,10,199
10201,13761,32714,10,201
10202,13504,34431,10,202
10203,13005,30406,10,203
10204,11649,27036,10,204
10205,17620,48428,10,205
10206,18125,40971,10,206
10207,17189,43097,10,207
10209,13971,33476,10,209
10210,10580,28190,10,210
10211,16915,35600,10,211
10212,18765,49005,10,212
10213,16158,44684,10,213
10214,14258,37158,10,214
10215,15042,43055,10,215
10216,18051,43948,10,216
10217,14607,33494,10,217
10218,17008,48003,10,218
10219,14909,38113,10,219
10220,12917,32166,10,220
10221,15834,39678,10,221
11001,12654,28709,11,001
11002,13616,31771,11,002
11003,15221,34664,11,003
11004,15229,34977,11,004
11005,13614,31537,11,005
11006,13142,29455,11,006
11007,10304,25452,11,007
11010,14976,33575,11,010
11011,12612,30039,11,011
11012,11159,25016,11,012
11013,10825,26125,11,013
11015,10864,25991,11,015
11016,10799,24050,11,016
11017,9615,21768,11,017
11018,9157,26250,11,018
11019,12244,30868,11,019
11021,9440,25610,11,021
11022,12259,31073,11,022
11023,9445,24032,11,023
11024,9577,24794,11,024
11025,11331,30384,11,025
11026,11528,28359,11,026
11028,13977,36686,11,028
11029,10313,26135,11,029
11030,10522,26160,11,030
11031,14532,34154,11,031
11032,9538,25513,11,032
11033,9226,26217,11,033
11034,10076,25116,11,034
11035,9790,26842,11,035
11036,9900,26156,11,036
11037,10276,25324,11,037
11038,10345,24488,11,038
11039,12502,29633,11,039
11040,8093,20002,11,040
11041,8416,23289,11,041
11042,10699,26110,11,042
11043,12409,29170,11,043
11044,15727,40023,11,044
11045,14555,34519,11,045
11046,13186,28393,11,046
11047,11035,26116,11,047
11048,8792,25114,11,048
11049,14266,33131,11,049
11050,14174,32877,11,050
11051,14450,32979,11,051
11054,7840,22986,11,054
11055,9194,22286,11,055
11056,8848,22945,11,056
11057,9925,25647,11,057
11058,9975,25660,11,058
11059,9186,24293,11,059
11060,12320,29924,11,060
11061,9972,24319,11,061
11062,9631,23400,11,062
11063,10324,26231,11,063
11065,14054,34624,11,065
11066,8548,22118,11,066
11067,13568,33979,11,067
11068,9516,26328,11,068
11069,9194,26061,11,069
11070,9507,25945,11,070
11071,8765,22924,11,071
11072,8745,23151,11,072
11073,8407,24041,11,073
11074,8411,23708,11,074
11075,12893,30873,11,075
11078,9267,26811,11,078
11079,8881,24493,11,079
11080,8325,23347,11,080
11081,9431,24823,11,081
11082,9166,26179,11,082
11083,9130,23526,11,083
11085,10064,26126,11,085
11086,9445,24288,11,086
11087,9073,24412,11,087
11088,9381,24077,11,088
11089,9920,24542,11,089
11091,9343,24639,11,091
11092,10135,25990,11,092
11093,14469,36020,11,093
11094,18790,50894,11,094
11095,15370,43151,11,095
11096,14158,35414,11,096
11097,12622,31344,11,097
11098,13058,33262,11,098
11099,13884,33569,11,099
11100,10749,28635,11,100
11101,10820,29292,11,101
11102,10007,26532,11,102
11103,10417,26518,11,103
11104,11181,27563,11,104
11105,9863,25822,11,105
11106,10873,28124,11,106
11107,12271,32011,11,107
11108,9936,26091,11,108
11109,8919,24073,11,109
11110,9583,26475,11,110
11111,8777,25235,11,111
11112,11439,28175,11,112
11113,9733,27683,11,113
11114,10827,27981,11,114
11115,9472,25820,11,115
11116,8992,23057,11,116
11117,8014,22310,11,117
11118,9176,24632,11,118
11119,8072,23829,11,119
11120,8700,24284,11,120
11121,7855,22269,11,121
11122,7726,22098,11,122
11123,12292,32569,11,123
11124,10912,29302,11,124
11125,11610,30613,11,125
11126,11073,28965,11,126
11128,6992,20607,11,128
11129,6209,18590,11,129
11130,7387,20704,11,130
11131,7419,19250,11,131
11132,7153,19039,11,132
11133,11528,28575,11,133
11134,9360,23592,11,134
11135,10280,28129,11,135
11136,10699,26693,11,136
11137,12870,35035,11,137
11138,9894,26129,11,138
11139,9855,25585,11,139
11140,8398,23557,11,140
11141,11361,28950,11,141
11142,11233,27710,11,142
11143,9224,22567,11,143
11145,10258,25449,11,145
11146,9767,25676,11,146
11147,12034,31779,11,147
11148,11736,28706,11,148
11149,10887,25721,11,149
11150,10910,29229,11,150
11151,9461,24580,11,151
11152,11476,29346,11,152
11153,9781,24836,11,153
11154,8644,23383,11,154
11155,11511,33506,11,155
11156,14381,40846,11,156
11157,8492,24509,11,157
11158,6577,19569,11,158
11160,7635,22112,11,160
11161,7614,21775,11,161
11162,8914,23177,11,162
11163,12619,32375,11,163
11165,10489,28175,11,165
11167,10380,27438,11,167
11168,10311,27176,11,168
11169,8958,24665,11,169
11170,8891,25318,11,170
11171,7848,23933,11,171
11173,8498,23355,11,173
11174,10485,26352,11,174
11175,9440,24723,11,175
11176,10203,27048,11,176
11177,10395,25712,11,177
11178,9590,23716,11,178
11179,11132,29970,11,179
11180,6460,20013,11,180
11181,13900,30454,11,181
11182,15061,42609,11,182
11183,14634,42614,11,183
11184,17451,40034,11,184
11185,14235,38882,11,185
11186,11286,30477,11,186
11187,12175,33363,11,187
11188,15080,46267,11,188
11189,10498,33278,11,189
11190,13274,40173,11,190
11191,13963,41245,11,191
11192,14394,34826,11,192
11193,9971,26537,11,193
11194,14900,42181,11,194
11195,14938,32934,11,195
11196,15490,47792,11,196
11197,15387,41190,11,197
11198,15869,41941,11,198
12001,11134,27685,12,001
12002,11802,27289,12,002
12003,11292,26415,12,003
12005,11525,26285,12,005
12006,11336,26309,12,006
12007,11600,28026,12,007
12008,9144,24139,12,008
12009,8751,23364,12,009
12010,8909,22584,12,010
12011,9324,24891,12,011
12012,9096,25691,12,012
12013,9069,24859,12,013
12014,9289,27868,12,014
12015,8816,23587,12,015
12016,10605,29878,12,016
12018,7528,22940,12,018
12019,6703,21183,12,019
12020,7324,21211,12,020
12022,7933,22232,12,022
12023,7967,23787,12,023
12024,10572,29764,12,024
12027,10273,27563,12,027
12028,8526,21221,12,028
12029,7679,21203,12,029
12030,7687,24028,12,030
12031,8480,24066,12,031
12032,10384,28125,12,032
12033,8780,23522,12,033
12034,8527,23921,12,034
12037,8123,22157,12,037
12039,9247,24580,12,039
12041,8457,22933,12,041
12042,7159,19661,12,042
12043,8815,24122,12,043
12044,8187,24312,12,044
12045,7190,21571,12,045
12046,8553,26237,12,046
12047,7915,23208,12,047
12048,8326,23705,12,048
12049,8475,23912,12,049
12050,9927,23835,12,050
12051,9233,26153,12,051
12052,12594,33008,12,052
12053,16461,39372,12,053
12054,13977,33822,12,054
12055,8920,25993,12,055
12056,8155,23490,12,056
12057,7830,24103,12,057
12059,12362,32575,12,059
12061,10613,27186,12,061
12062,10754,26708,12,062
12064,9363,22500,12,064
12065,8610,24848,12,065
12066,6612,21218,12,066
12067,7694,23594,12,067
12069,9111,23946,12,069
12070,12473,31409,12,070
12071,10246,24884,12,071
12073,8049,18913,12,073
12074,9385,24553,12,074
12075,8266,22563,12,075
12077,10107,26325,12,077
12078,9021,24605,12,078
12079,8799,24313,12,079
12080,8232,23485,12,080
12081,8780,23591,12,081
12082,8753,25997,12,082
12083,8784,25516,12,083
12084,8585,23308,12,084
12086,8956,25741,12,086
12087,7871,22949,12,087
12088,8028,23579,12,088
12089,7956,23212,12,089
12090,8401,23416,12,090
12091,8244,23499,12,091
12092,8607,24886,12,092
12093,8519,25427,12,093
12094,7762,22282,12,094
12096,7606,23831,12,096
12097,9126,26045,12,097
12098,14592,40483,12,098
12099,8378,24950,12,099
12100,8566,23048,12,100
12101,11485,35056,12,101
12102,10626,31123,12,102
12103,7161,21937,12,103
12104,12273,36012,12,104
12105,11407,36953,12,105
12106,12557,36540,12,106
12107,16098,40778,12,107
12108,11589,31668,12,108
12109,9978,29398,12,109
13002,7831,21670,13,002
13003,7027,19830,13,003
13004,8642,22958,13,004
13005,8441,24106,13,005
13006,7656,22034,13,006
13007,8462,22695,13,007
13008,8596,22849,13,008
13010,9483,25117,13,010
13011,8017,22168,13,011
13012,7654,21792,13,012
13013,8048,21535,13,013
13014,8280,21346,13,014
13016,8030,22408,13,016
13017,8529,22373,13,017
13018,7480,21205,13,018
13019,8594,22713,13,019
13021,9142,23151,13,021
13022,8691,24606,13,022
13023,9688,24872,13,023
13024,9059,26516,13,024
13026,8952,22091,13,026
13027,6592,19518,13,027
13028,6809,19897,13,028
13029,8994,22456,13,029
13030,9478,23236,13,030
13031,7936,22532,13,031
13032,9430,24783,13,032
13033,8551,24346,13,033
13034,9015,23557,13,034
13035,9758,26203,13,035
13036,8079,20070,13,036
13037,9245,22083,13,037
13038,8436,21577,13,038
13039,8545,21018,13,039
13040,8365,20806,13,040
13041,8911,22333,13,041
13042,7745,20466,13,042
13043,8402,22213,13,043
13044,8566,21892,13,044
13045,7668,20912,13,045
13046,8571,21150,13,046
13047,9382,22717,13,047
13048,7694,20490,13,048
13049,10126,26966,13,049
13050,8649,22376,13,050
13052,8918,23248,13,052
13053,9171,25848,13,053
13054,8604,22544,13,054
13055,7583,20400,13,055
13056,8874,22610,13,056
13057,8402,22870,13,057
13058,7497,20463,13,058
13059,7499,19887,13,059
13060,7865,22610,13,060
13061,7646,19649,13,061
13062,7645,20645,13,062
13063,8694,23515,13,063
13065,7716,19267,13,065
13066,8047,21725,13,066
13069,8229,20625,13,069
13074,13200,35556,13,074
13077,14855,36610,13,077
13078,14366,37856,13,078
13079,8585,21191,13,079
13080,8018,22183,13,080
13083,8540,25859,13,083
13084,8821,25398,13,084
13086,9412,22348,13,086
13087,12512,32755,13,087
13088,13506,28890,13,088
13089,8293,21147,13,089
13090,8035,20309,13,090
13091,9070,22530,13,091
13092,10181,27401,13,092
13094,9882,24908,13,094
13103,9960,24885,13,103
13104,10055,25796,13,104
13108,10870,30027,13,108
13109,11522,30379,13,109
13110,9091,21813,13,110
13111,8825,25705,13,111
13112,9011,23759,13,112
13114,8870,20524,13,114
13115,9906,25367,13,115
13116,9690,24225,13,116
13117,8890,23580,13,117
13118,8410,23945,13,118
13119,9322,24602,13,119
13120,9193,24217,13,120
13121,9640,24399,13,121
13122,8622,21969,13,122
13123,10883,29897,13,123
13124,9621,24411,13,124
13125,7927,20788,13,125
13126,8185,21331,13,126
13127,16376,43612,13,127
13128,11675,30954,13,128
13129,9118,24373,13,129
13131,9739,26409,13,131
13132,9217,24687,13,132
13133,8906,24755,13,133
13134,9647,25944,13,134
13135,9906,25833,13,135
13136,9624,25632,13,136
13137,12723,34581,13,137
13138,9058,23420,13,138
13139,9056,22171,13,139
13140,10529,27990,13,140
13142,9198,22499,13,142
13143,11326,28242,13,143
13144,8915,22405,13,144
13145,8022,19067,13,145
13146,9205,25113,13,146
13147,9201,24764,13,147
13148,8260,20991,13,148
13150,8557,22114,13,150
13153,7931,22332,13,153
13154,9732,25724,13,154
13155,9240,25116,13,155
13156,9846,23937,13,156
13157,9780,25483,13,157
13158,10595,26345,13,158
13160,10562,26977,13,160
13161,11748,29745,13,161
13162,9513,24782,13,162
13163,10766,26639,13,163
13164,11357,28305,13,164
13166,10029,28191,13,166
13168,8973,24410,13,168
13169,9940,23911,13,169
13170,9295,24448,13,170
13171,9765,25769,13,171
13172,8315,21329,13,172
13173,7388,19948,13,173
13174,9142,23238,13,174
13175,9139,23510,13,175
13176,8386,22190,13,176
13177,7995,21653,13,177
13178,8903,23455,13,178
13179,9653,24620,13,179
13180,8667,25126,13,180
13181,9162,23364,13,181
13182,13227,35395,13,182
13183,14521,38061,13,183
13184,11266,29545,13,184
13185,9034,24340,13,185
13186,9518,24413,13,186
13187,8740,23509,13,187
13189,7963,22734,13,189
13190,9625,23616,13,190
13191,12070,30297,13,191
13192,9092,23249,13,192
13193,9649,23628,13,193
13194,8982,21699,13,194
13195,10965,25716,13,195
13196,10223,26587,13,196
13197,9702,24395,13,197
13198,10482,26759,13,198
13199,13365,37974,13,199
13200,9547,25239,13,200
13201,8944,23630,13,201
13202,12685,31714,13,202
13203,15310,43012,13,203
13204,12582,35438,13,204
13205,13572,37368,13,205
13206,9330,23685,13,206
13207,13918,39231,13,207
13208,13149,37487,13,208
13209,12397,34684,13,209
13210,9265,27011,13,210
13211,10648,32923,13,211
13212,12701,32908,13,212
13213,11505,30513,13,213
13214,6625,20923,13,214
13215,8446,21800,13,215
13216,13751,33908,13,216
13217,9180,23275,13,217
14002,10010,25374,14,002
14003,11256,28163,14,003
14004,13020,35011,14,004
14005,13632,32951,14,005
14006,11716,30632,14,006
14010,19856,56586,14,010
14012,13039,29816,14,012
14013,17111,40691,14,013
14014,16600,40194,14,014
14015,17303,41034,14,015
14016,15363,36832,14,016
14017,16310,39094,14,017
14018,16574,38649,14,018
14019,15594,36931,14,019
14020,16674,39786,14,020
14021,15639,36235,14,021
14022,17088,40130,14,022
14024,17409,39866,14,024
14025,13570,29754,14,025
14026,11136,26241,14,026
14027,12906,28753,14,027
14028,10977,24044,14,028
14029,13059,28360,14,029
14030,18239,45786,14,030
14031,15570,37393,14,031
14032,16788,37725,14,032
14033,12675,30281,14,033
14034,15687,36952,14,034
14035,11287,26300,14,035
14036,11260,27645,14,036
14037,12631,26016,14,037
14038,10893,23504,14,038
14039,13028,29623,14,039
14040,17069,44984,14,040
14041,22707,54585,14,041
14042,20772,53601,14,042
14043,18539,42047,14,043
14044,14532,36070,14,044
14045,13054,31049,14,045
14046,10504,27276,14,046
14047,10178,23726,14,047
14048,11931,30004,14,048
14049,10534,26877,14,049
14050,10241,25203,14,050
14051,10044,25230,14,051
14052,11680,28083,14,052
14053,10014,26389,14,053
14054,10395,26263,14,054
14055,12449,29583,14,055
14056,11310,29093,14,056
14057,11046,26995,14,057
14058,11720,30212,14,058
14059,11173,27620,14,059
14060,13711,32862,14,060
14061,15337,39548,14,061
14062,11690,30387,14,062
14063,13701,32095,14,063
14064,12684,29098,14,064
14065,12250,28309,14,065
14066,10147,23946,14,066
14067,9772,22684,14,067
14068,10313,24771,14,068
14069,13774,30166,14,069
14070,10923,23952,14,070
14071,12218,25415,14,071
14072,13536,31572,14,072
14073,13196,32102,14,073
14074,14433,33475,14,074
14075,12988,28795,14,075
14076,13781,32218,14,076
14077,13065,30213,14,077
14079,16504,45177,14,079
14080,19058,59445,14,080
14081,13549,41724,14,081
14082,6751,23085,14,082
14083,9707,28463,14,083
14084,17945,44697,14,084
14085,21974,61829,14,085
14086,10915,34797,14,086
14087,19223,58040,14,087
14088,17768,47785,14,088
14089,14463,42799,14,089
14090,13203,39503,14,090
14091,18141,54089,14,091
14092,11894,37697,14,092
14093,16382,46351,14,093
14094,21322,58857,14,094
14095,21359,62925,14,095
15001,15653,38542,15,001
15002,12642,30730,15,002
15003,14023,29026,15,003
15005,12470,31828,15,005
15006,11787,30146,15,006
15008,12540,28489,15,008
15009,8859,24048,15,009
15010,10535,23816,15,010
15011,9221,24095,15,011
15012,11033,28098,15,012
15013,10335,26377,15,013
15014,9992,26106,15,014
15015,10432,24956,15,015
15016,9574,23492,15,016
15017,11182,27774,15,017
15018,11240,29223,15,018
15019,9962,24361,15,019
15020,10126,25497,15,020
15021,9775,24391,15,021
15022,9905,25278,15,022
15023,11859,28745,15,023
15024,12381,30035,15,024
15025,13051,32897,15,025
15026,10723,27248,15,026
15027,12893,33125,15,027
15028,14287,32843,15,028
15029,13228,29185,15,029
15030,16484,38473,15,030
15031,14954,35413,15,031
15032,15260,36422,15,032
15033,14279,31271,15,033
15034,12012,29416,15,034
15035,14697,32975,15,035
15036,12941,30071,15,036
15037,12177,28773,15,037
15038,11640,28064,15,038
15039,12280,28403,15,039
15040,11628,27741,15,040
15041,11569,28686,15,041
15042,12868,33757,15,042
15043,11648,29577,15,043
15044,13049,32494,15,044
15045,12422,31457,15,045
15046,12443,32599,15,046
15047,11867,29776,15,047
15048,11940,31107,15,048
15049,10220,25919,15,049
15050,11510,29638,15,050
15051,11400,29460,15,051
15052,10731,27584,15,052
15053,9601,25726,15,053
15054,10182,25318,15,054
15056,10825,27063,15,056
15057,10904,29142,15,057
15058,9614,26624,15,058
15059,9212,24743,15,059
15060,9645,25247,15,060
15061,10784,28630,15,061
15062,12690,32797,15,062
15065,15216,41245,15,065
15066,14693,33592,15,066
15067,14776,35154,15,067
15068,16121,39446,15,068
15069,16336,47511,15,069
15070,15166,41667,15,070
15071,9828,22109,15,071
15073,9124,25291,15,073
15074,11309,27930,15,074
15075,11341,28857,15,075
15076,10587,26313,15,076
15077,12423,31101,15,077
15078,9994,23562,15,078
15079,11477,25877,15,079
15080,9153,21418,15,080
15081,8705,23939,15,081
15082,13937,34564,15,082
15083,9794,27188,15,083
15084,11252,30050,15,084
15085,10586,29853,15,085
15086,14238,34769,15,086
15087,9478,22696,15,087
15088,9101,23463,15,088
15089,10393,28324,15,089
15090,14874,37097,15,090
15092,19105,44707,15,092
15093,13546,32713,15,093
15094,13849,32108,15,094
15095,11927,27786,15,095
15096,12515,30544,15,096
15097,10438,29477,15,097
15098,10755,25556,15,098
15099,10931,29387,15,099
15100,11927,28153,15,100
15101,11177,28008,15,101
15102,11990,29467,15,102
15103,12336,28483,15,103
15104,11253,23775,15,104
15105,13738,30116,15,105
15106,12502,30707,15,106
15108,13145,30398,15,108
15109,14349,34013,15,109
15110,11762,26841,15,110
15111,15820,34494,15,111
15112,13150,32217,15,112
15113,13997,31072,15,113
15114,15240,32298,15,114
15115,15158,34185,15,115
15116,13131,32468,15,116
15117,11408,27347,15,117
15118,13593,27459,15,118
15119,12794,26752,15,119
15120,12229,27324,15,120
15121,13625,27250,15,121
15122,15033,34424,15,122
15123,16403,39116,15,123
15124,14278,33362,15,124
15125,20139,53767,15,125
15126,12250,30809,15,126
15127,18074,42346,15,127
15128,20436,50049,15,128
15129,16447,37246,15,129
15130,14239,31581,15,130
15131,13920,32307,15,131
15132,14092,37311,15,132
15133,13852,33826,15,133
15134,15392,35011,15,134
15135,13478,32412,15,135
15136,14249,31561,15,136
15138,12222,25286,15,138
15140,12449,25066,15,140
15141,14648,33918,15,141
15142,23993,56017,15,142
15143,23922,62419,15,143
15144,23410,65208,15,144
15145,21362,56938,15,145
15146,23338,56000,15,146
15147,26330,73745,15,147
15148,15866,37426,15,148
15149,17242,45138,15,149
15150,30077,80360,15,150
15151,23500,61954,15,151
15153,23508,58728,15,153
15154,18255,43151,15,154
15155,27217,70099,15,155
15156,18010,41379,15,156
15157,21632,53215,15,157
15158,23172,63709,15,158
15159,25974,68336,15,159
15160,27269,68966,15,160
15161,26174,82423,15,161
15162,25432,72697,15,162
15163,22640,63393,15,163
15164,23253,64797,15,164
15165,23992,66294,15,165
15166,23351,63737,15,166
15167,27906,81096,15,167
15168,23763,64776,15,168
15170,26199,73688,15,170
15171,12606,32329,15,171
15172,22061,62325,15,172
15173,21766,63638,15,173
15174,25812,69838,15,174
15175,18949,44022,15,175
15176,21636,51040,15,176
15177,15138,37846,15,177
15178,21692,55263,15,178
15179,16115,41476,15,179
15180,22537,57606,15,180
15181,18072,48015,15,181
15182,20186,58681,15,182
16001,27522,86137,16,001
16002,30210,89215,16,002
16003,30210,89215,16,003
16004,30210,89215,16,004
16005,26470,80824,16,005
16006,22563,62675,16,006
16007,22426,61983,16,007
16008,10887,27368,16,008
16009,10445,24626,16,009
16011,11349,28307,16,011
16012,12476,27602,16,012
16013,15248,39675,16,013
16014,14165,33387,16,014
16015,15086,37516,16,015
16016,14336,36402,16,016
16017,14442,36142,16,017
16018,14892,36937,16,018
16019,15181,37727,16,019
16020,15298,40241,16,020
16021,18282,44720,16,021
16022,14520,36701,16,022
16024,14201,37870,16,024
16025,16850,41537,16,025
16026,12523,28736,16,026
16027,12636,32631,16,027
16028,15247,37410,16,028
16029,12213,30792,16,029
16030,15920,37699,16,030
16031,17306,45882,16,031
16032,19266,48471,16,032
16033,15369,37243,16,033
16034,15482,38011,16,034
16035,19026,49712,16,035
16036,27167,83965,16,036
16037,12182,27395,16,037
16038,14656,34698,16,038
16039,10525,24330,16,039
16040,10185,23429,16,040
16041,10873,24429,16,041
16042,11974,29245,16,042
16043,11158,27773,16,043
16044,14869,38996,16,044
16045,20198,55232,16,045
16046,16800,41233,16,046
16047,13899,31259,16,047
16048,16592,41615,16,048
16049,18044,46789,16,049
16050,14344,36153,16,050
16051,12337,31578,16,051
16052,11409,28078,16,052
16053,11225,28371,16,053
16054,11573,26267,16,054
16055,10459,23540,16,055
16056,11041,24577,16,056
16057,12161,27970,16,057
16058,12326,30245,16,058
16059,13379,34681,16,059
16060,14419,37708,16,060
16061,16892,42954,16,061
16063,16555,40232,16,063
16064,15741,40713,16,064
16065,13281,25709,16,065
16066,12909,27335,16,066
16067,11058,25818,16,067
16069,12703,31706,16,069
16070,14880,40959,16,070
16071,9230,25057,16,071
16072,7734,23023,16,072
16073,9994,25602,16,073
16074,10209,24631,16,074
16075,12582,27517,16,075
16076,10699,23268,16,076
16077,10143,25836,16,077
16078,10111,26335,16,078
16079,14607,41595,16,079
16080,26848,78094,16,080
16081,20755,53642,16,081
16082,9697,25386,16,082
16083,12583,32387,16,083
16085,13313,34574,16,085
16086,13003,34231,16,086
16087,12781,30181,16,087
16088,14165,36154,16,088
16089,13588,31597,16,089
16090,12278,32247,16,090
16091,30210,89215,16,091
16092,17047,44972,16,092
16093,17492,48663,16,093
16096,16665,50885,16,096
16097,13839,34396,16,097
16098,23347,60645,16,098
16099,17961,49222,16,099
16100,16293,48137,16,100
16101,17335,48438,16,101
16102,30210,89215,16,102
16103,30210,89215,16,103
16104,16767,48584,16,104
16105,23798,75029,16,105
16106,21665,48386,16,106
16107,18108,57399,16,107
16108,21407,67476,16,108
16109,10764,31818,16,109
16110,15159,43894,16,110
16111,20212,60112,16,111
16112,14837,48277,16,112
16113,30210,89215,16,113
16114,21516,60516,16,114
16115,23532,64282,16,115
16116,16806,41105,16,116
16117,16752,48659,16,117
16118,16211,50625,16,118
16119,20876,49644,16,119
16120,16342,43047,16,120
16121,26365,72974,16,121
16122,20589,62872,16,122
16123,29898,89215,16,123
16124,19664,48678,16,124
16125,21094,66495,16,125
16126,19081,56424,16,126
16127,17114,48837,16,127
16128,30210,88210,16,128
16129,21011,50465,16,129
17002,9118,25232,17,002
17003,9215,24342,17,003
17004,7467,19489,17,004
17006,8875,24293,17,006
17007,8255,22389,17,007
17008,8047,22600,17,008
17009,8398,24731,17,009
17010,8979,24004,17,010
17011,9039,24873,17,011
17012,8962,24621,17,012
17013,9460,24084,17,013
17014,8251,22917,17,014
17015,8292,22924,17,015
17016,8322,21886,17,016
17017,10358,27943,17,017
17018,8205,21373,17,018
17019,8352,21796,17,019
17020,9515,27208,17,020
17021,7065,22725,17,021
17022,8004,20469,17,022
17023,10943,29772,17,023
17024,8690,23501,17,024
17025,9022,25194,17,025
17026,8634,24396,17,026
17027,11064,30771,17,027
17028,9367,25316,17,028
17029,12573,29292,17,029
17031,6650,20642,17,031
17032,6404,19602,17,032
17033,6001,18917,17,033
17035,6168,19324,17,035
17036,7260,20389,17,036
17037,6445,19142,17,037
17038,7248,22802,17,038
17039,7324,20970,17,039
17041,6304,19983,17,041
17042,6212,20019,17,042
17043,6794,21602,17,043
17045,11491,34213,17,045
17046,7908,23485,17,046
17047,7980,22547,17,047
17048,10529,29987,17,048
17049,7374,21652,17,049
17050,9250,23159,17,050
17051,7338,21955,17,051
17052,9443,25759,17,052
17053,9440,26179,17,053
17054,8432,23741,17,054
17055,10349,27943,17,055
17057,8889,23693,17,057
17058,8916,25462,17,058
17059,9791,27615,17,059
17060,9418,25872,17,060
17061,6588,20856,17,061
17062,7639,22372,17,062
17063,8481,23520,17,063
17064,8750,23323,17,064
17065,8480,23329,17,065
17066,7584,22868,17,066
17068,7572,20121,17,068
17069,9208,26099,17,069
17070,13716,37005,17,070
17071,12093,32661,17,071
17072,7653,20246,17,072
17073,10116,23840,17,073
17074,11189,28654,17,074
17075,12150,31924,17,075
17076,12444,31609,17,076
17078,12520,30569,17,078
17079,10309,21970,17,079
17080,14382,40707,17,080
17082,10374,25581,17,082
17083,9017,24222,17,083
17084,9389,22488,17,084
17085,13289,32267,17,085
17086,12742,31444,17,086
17087,11473,28607,17,087
17089,9969,24676,17,089
17090,10569,27815,17,090
17091,10046,27390,17,091
17092,13893,36421,17,092
17093,13295,34745,17,093
17094,10524,27694,17,094
17095,10756,26686,17,095
17096,14046,39619,17,096
17097,13770,38281,17,097
17098,6020,19826,17,098
17099,12543,39498,17,099
17100,7657,21887,17,100
17101,9650,26218,17,101
17102,14964,40953,17,102
17103,12384,35099,17,103
17104,10927,32700,17,104
17105,11969,35430,17,105
17106,9356,26493,17,106
17107,11724,34401,17,107
17108,14561,38519,17,108
17109,10838,29762,17,109
17110,12931,37801,17,110
17111,9100,26335,17,111
17112,14342,43424,17,112
17113,14746,39602,17,113
17114,12143,34797,17,114
17115,15264,36759,17,115
17116,11748,33520,17,116
18002,9729,27498,18,002
18003,9315,24628,18,003
18004,9683,26211,18,004
18005,8764,22557,18,005
18006,9027,25966,18,006
18007,9580,26920,18,007
18008,10359,26337,18,008
18009,9785,26327,18,009
18010,7959,22460,18,010
18011,10100,26455,18,011
18012,9603,24336,18,012
18013,9339,24383,18,013
18014,9589,25633,18,014
18015,9107,23019,18,015
18016,9068,22425,18,016
18017,9149,23025,18,017
18018,10438,26682,18,018
18019,9933,26291,18,019
18020,11925,32186,18,020
18021,11822,30140,18,021
18022,8477,21152,18,022
18023,10461,25168,18,023
18024,11329,29002,18,024
18025,13266,37806,18,025
18026,8190,24290,18,026
18027,10380,31173,18,027
18028,14510,39737,18,028
18029,15325,41776,18,029
18030,13967,35047,18,030
18031,13743,37153,18,031
18032,14317,36354,18,032
18033,14110,35471,18,033
18034,14437,35226,18,034
18035,13744,35620,18,035
18036,13487,38325,18,036
18037,10507,26079,18,037
18038,8049,22883,18,038
18039,16153,46743,18,039
18040,17754,49988,18,040
18041,13690,38726,18,041
18042,8874,24943,18,042
18043,10328,28519,18,043
18044,14977,43312,18,044
18045,3055,10594,18,045
18046,10255,22772,18,046
18047,11446,27101,18,047
18048,15727,45911,18,048
18049,14913,41950,18,049
18050,13016,32335,18,050
18051,16838,35835,18,051
18052,12485,30191,18,052
18053,13694,33992,18,053
18054,15596,37676,18,054
18055,13925,34238,18,055
18056,13600,30897,18,056
18057,16045,31769,18,057
18058,12929,37304,18,058
18059,11484,29307,18,059
18060,15714,35030,18,060
18061,16611,40598,18,061
18062,14239,29664,18,062
18063,13383,33269,18,063
18064,11076,28354,18,064
18065,9397,25070,18,065
18066,14553,37140,18,066
18067,14235,36756,18,067
18068,16251,35609,18,068
19001,5205,18190,19,001
19002,11829,31336,19,002
19003,9781,26290,19,003
19004,9523,24246,19,004
19005,9912,25872,19,005
19006,10975,27960,19,006
19007,10488,26614,19,007
19008,9144,23829,19,008
19009,9970,25291,19,009
19011,9961,24764,19,011
19012,10584,26562,19,012
19014,8458,23278,19,014
19015,9564,23440,19,015
19016,8522,22014,19,016
19018,9887,23396,19,018
19019,10575,26266,19,019
19020,10483,25940,19,020
19021,10242,25460,19,021
19022,9025,22265,19,022
19023,8949,23233,19,023
19024,9024,21571,19,024
19025,10010,23349,19,025
19026,9609,23214,19,026
19027,9183,23648,19,027
19028,8365,21939,19,028
19029,8610,22548,19,029
19032,11099,32186,19,032
19033,15492,44830,19,033
19034,14171,40980,19,034
19035,14794,41183,19,035
19036,14994,40535,19,036
19037,16110,45646,19,037
19038,9525,29812,19,038
19039,10876,32689,19,039
19040,15969,45262,19,040
19041,13941,37468,19,041
19042,14177,40081,19,042
19043,14941,41509,19,043
19044,10622,32992,19,044
19045,14083,42109,19,045
19046,13089,40937,19,046
19047,14322,40566,19,047
19048,14399,44033,19,048
19049,14670,40570,19,049
19050,18044,50557,19,050
19051,14333,42184,19,051
19052,13434,31445,19,052
20001,11643,30018,20,001
20002,18755,53298,20,002
20003,10485,26250,20,003
20006,10223,26802,20,006
20007,9772,25253,20,007
20008,9050,24849,20,008
20009,11242,28213,20,009
20010,10739,27614,20,010
20011,11224,28212,20,011
20012,8924,21320,20,012
20013,9264,21440,20,013
20014,8766,19346,20,014
20015,9573,20921,20,015
20016,9463,19921,20,016
20017,9108,23146,20,017
20018,8398,19594,20,018
20019,9325,22045,20,019
20020,8235,18496,20,020
20021,8109,21218,20,021
20022,10337,25531,20,022
20023,9172,22834,20,023
20024,8817,22043,20,024
20025,9281,21445,20,025
20026,11691,27859,20,026
20027,11796,28628,20,027
20028,11822,27957,20,028
20029,10391,25131,20,029
20031,8767,22573,20,031
20032,8691,20622,20,032
20033,8173,20030,20,033
20034,7830,20552,20,034
20035,7827,19354,20,035
20036,7415,19456,20,036
20037,11026,27063,20,037
20038,11149,29442,20,038
20039,12364,29554,20,039
20040,12114,29824,20,040
20041,11368,29537,20,041
20042,9737,25524,20,042
20043,10971,27907,20,043
20044,8836,24585,20,044
20046,8524,19984,20,046
20047,9084,21955,20,047
20048,8603,19743,20,048
20049,9592,23941,20,049
20050,8726,21938,20,050
20051,8915,22369,20,051
20053,8581,21842,20,053
20055,15073,47099,20,055
20056,10609,26256,20,056
20058,9893,26754,20,058
20059,9838,25838,20,059
20062,14613,38209,20,062
20063,15060,39721,20,063
20064,14430,36644,20,064
20065,12714,34792,20,065
20066,15388,40838,20,066
20067,16316,48318,20,067
20068,16981,43352,20,068
20069,11954,29281,20,069
20070,13040,28780,20,070
20071,14467,36625,20,071
20072,14851,39976,20,072
20073,8646,22977,20,073
20074,10110,27059,20,074
20075,9861,27207,20,075
20076,10418,27683,20,076
20077,13923,40585,20,077
20078,11858,31196,20,078
20079,8855,24698,20,079
20080,9958,25655,20,080
20082,11092,29701,20,082
20083,11693,30923,20,083
20085,12692,32316,20,085
20086,12167,30497,20,086
20087,10719,27273,20,087
20088,12277,29562,20,088
20090,16310,42433,20,090
20091,10484,23772,20,091
20092,12428,30779,20,092
20093,16001,44615,20,093
20095,18427,44280,20,095
20096,21711,56670,20,096
20097,18220,47318,20,097
20098,16635,37750,20,098
20099,25392,76821,20,099
20100,12245,31787,20,100
20101,17856,49044,20,101
20102,14803,39238,20,102
20103,14678,43035,20,103
20104,17196,52349,20,104
20105,19227,53693,20,105
20106,15298,42578,20,106
20107,15776,46525,20,107
20108,20951,56003,20,108
20109,11475,33668,20,109
20110,17223,50167,20,110
20111,13474,40156,20,111
20112,16251,45032,20,112
20113,17462,54028,20,113
20114,16360,49601,20,114
20115,14269,41951,20,115
20116,14734,41097,20,116
20117,18703,54269,20,117
20118,18899,55724,20,118
20119,18306,45601,20,119
20120,17340,42613,20,120
20121,15451,35764,20,121
20122,22148,64580,20,122
20123,16797,45064,20,123
20124,20531,54580,20,124
20125,17929,35516,20,125
20126,16479,46112,20,126
21001,24509,71837,21,001
21002,21718,61765,21,002
21003,18776,49596,21,003
21004,20952,56897,21,004
21005,24236,74382,21,005
21006,20117,58859,21,006
21007,18012,48540,21,007
21008,16128,40496,21,008
21009,16626,39314,21,009
21010,18569,47958,21,010
21011,18449,50633,21,011
21012,17726,48307,21,012
21013,18152,47347,21,013
21014,19087,48072,21,014
21015,9814,25585,21,015
21017,11966,28679,21,017
21018,11692,28069,21,018
21019,12544,28773,21,019
21020,13593,32505,21,020
21021,12844,33992,21,021
21022,12930,34709,21,022
21023,11564,28504,21,023
21025,20073,59490,21,025
21026,16033,40928,21,026
21027,24121,69265,21,027
21028,18551,57181,21,028
21029,27451,89215,21,029
21030,15807,44027,21,030
21031,16165,43722,21,031
21032,20782,57049,21,032
21033,15271,38786,21,033
